inquiry_id,created_at,source,service,first_response_at
I0001,2026-08-26T04:50:00+00:00,google_ads,landscaping,2026-08-26T16:44:49.380164+00:00
I0002,2026-08-29T14:16:00+00:00,referral,landscaping,2026-08-29T15:19:07.202015+00:00
I0003,2026-07-17T02:22:00+00:00,referral,landscaping,2026-07-17T07:54:25.535436+00:00
I0004,2026-08-31T13:06:00+00:00,organic_search,handyman,2026-08-31T20:03:08.637272+00:00
I0005,2026-08-22T22:51:00+00:00,google_ads,cleaning,2026-08-24T05:38:01.928932+00:00
I0006,2026-08-02T10:55:00+00:00,google_ads,handyman,2026-08-03T21:50:13.056839+00:00
I0007,2026-08-20T13:14:00+00:00,google_ads,cleaning,2026-08-20T15:38:06.162918+00:00
I0008,2026-08-02T14:23:00+00:00,google_ads,landscaping,2026-08-04T01:29:56.097740+00:00
I0009,2026-08-16T14:50:00+00:00,referral,cleaning,2026-08-16T19:33:48.540274+00:00
I0010,2026-08-30T15:18:00+00:00,organic_search,landscaping,2026-08-31T05:15:27.840522+00:00
I0011,2026-07-18T04:53:00+00:00,social,landscaping,2026-07-19T17:45:09.323395+00:00
I0012,2026-08-04T00:16:00+00:00,social,landscaping,2026-08-04T19:48:32.466777+00:00
I0013,2026-09-18T17:19:00+00:00,organic_search,handyman,2026-09-19T02:55:06.521418+00:00
I0014,2026-07-12T21:53:00+00:00,referral,landscaping,
I0015,2026-08-02T17:39:00+00:00,organic_search,handyman,2026-08-03T16:06:29.683158+00:00
I0016,2026-06-30T01:04:00+00:00,referral,cleaning,2026-06-30T07:56:50.741819+00:00
I0017,2026-08-09T07:10:00+00:00, Google ,landscaping,2026-08-10T20:00:52.429293+00:00
I0018,2026-07-15T06:16:00+00:00,organic_search,cleaning,2026-07-16T18:53:35.474334+00:00
I0019,2026-08-23T10:18:00+00:00,google_ads,handyman,2026-08-24T18:26:39.113531+00:00
I0020,2026-08-16T06:34:00+00:00,social,landscaping,
I0021,2026-08-01T00:56:00+00:00,social,handyman,2026-08-01T11:22:14.175165+00:00
I0022,2026-07-06T04:02:00+00:00,google_ads,handyman,2026-07-07T14:23:53.874061+00:00
I0023,2026-07-10T10:43:00+00:00,google_ads,handyman,2026-07-12T02:30:39.192748+00:00
I0024,2026-08-23T05:07:00+00:00,organic_search,cleaning,2026-08-24T20:09:59.675855+00:00
I0025,2026-09-01T21:27:00+00:00,google_ads,landscaping,2026-09-03T00:55:11.781811+00:00
I0026,2026-07-10T00:20:00+00:00,google_ads,cleaning,2026-07-10T14:51:49.982985+00:00
I0027,2026-07-19T20:07:00+00:00,google_ads,cleaning,
I0028,2026-07-20T15:55:00+00:00,google_ads,handyman,2026-07-21T01:18:26.979021+00:00
I0029,2026-08-19T23:27:00+00:00,organic_search,cleaning,2026-08-21T08:30:42.141989+00:00
I0030,2026-08-10T12:13:00+00:00,social,cleaning,2026-08-11T16:39:40.663366+00:00
I0031,2026-07-08T22:42:00+00:00,google_ads,cleaning,2026-07-09T21:27:21.091634+00:00
I0032,2026-09-14T21:53:00+00:00,organic_search,cleaning,2026-09-16T01:26:50.447163+00:00
I0033,2026-08-11T19:32:00+00:00,google_ads,handyman,2026-08-13T09:29:04.964107+00:00
I0034,2026-09-03T11:48:00+00:00,walk_in,landscaping,2026-09-04T15:46:03.574005+00:00
I0035,2026-07-04T13:09:00+00:00,referral,cleaning,2026-07-04T13:50:29.021659+00:00
I0036,2026-08-16T08:15:00+00:00,google_ads,landscaping,2026-08-16T12:04:28.652907+00:00
I0037,2026-08-29T11:01:00+00:00,social,handyman,2026-08-29T16:29:31.060124+00:00
I0038,2026-08-19T10:45:00+00:00,organic_search,handyman,2026-08-19T19:43:36.324394+00:00
I0039,2026-09-05T10:28:00+00:00,social,cleaning,2026-09-06T05:59:07.857079+00:00
I0040,2026-07-05T16:02:00+00:00,organic_search,landscaping,2026-07-06T03:32:20.941964+00:00
I0041,2026-09-17T00:47:00+00:00,google_ads,handyman,2026-09-17T07:49:47.376754+00:00
I0042,2026-08-23T16:13:00+00:00,walk_in,landscaping,2026-08-24T14:40:03.739475+00:00
I0043,2026-07-11T05:21:00+00:00,google_ads,cleaning,2026-07-12T12:39:37.052587+00:00
I0044,2026-09-14T15:12:00+00:00,google_ads,handyman,2026-09-15T02:07:17.515059+00:00
I0045,2026-09-07T04:32:00+00:00,google_ads,handyman,2026-09-07T11:44:20.347255+00:00
I0046,2026-08-19T01:19:00+00:00,google_ads,cleaning,2026-08-20T17:02:10.610294+00:00
I0047,2026-08-01T04:35:00+00:00,social,cleaning,2026-08-02T18:23:19.340697+00:00
I0048,2026-08-04T23:44:00+00:00,walk_in,landscaping,2026-08-05T06:38:50.268747+00:00
I0049,2026-09-09T19:22:00+00:00,social,handyman,2026-09-09T20:53:43.082468+00:00
I0050,2026-08-05T11:24:00+00:00,social,landscaping,2026-08-06T21:32:45.947896+00:00
I0051,2026-07-08T20:08:00+00:00,organic_search,cleaning,2026-07-10T08:15:53.831750+00:00
I0052,2026-08-09T21:32:00+00:00,google_ads,cleaning,2026-08-10T07:17:04.777953+00:00
I0053,2026-07-24T09:45:00+00:00,organic_search,landscaping,2026-07-25T02:50:11.950623+00:00
I0054,2026-07-22T18:37:00+00:00,google_ads,handyman,2026-07-22T20:42:15.625285+00:00
I0055,2026-07-09T12:37:00+00:00,organic_search,landscaping,
I0056,2026-08-07T16:34:00+00:00,google_ads,landscaping,2026-08-08T21:34:16.457749+00:00
I0057,2026-07-16T22:25:00+00:00,organic_search,cleaning,2026-07-18T14:17:41.848204+00:00
I0058,2026-08-28T09:11:00+00:00,social,landscaping,2026-08-29T23:02:06.997164+00:00
I0059,2026-07-28T16:33:00+00:00,organic_search,handyman,2026-07-29T16:03:29.224163+00:00
I0060,2026-08-02T12:15:00+00:00,referral,cleaning,2026-08-02T18:28:55.366235+00:00
I0061,2026-08-20T18:59:00+00:00,referral,handyman,2026-08-20T23:44:24.783352+00:00
I0062,2026-08-14T22:01:00+00:00,referral,landscaping,2026-08-15T01:30:05.441651+00:00
I0063,2026-07-12T09:53:00+00:00,google_ads,cleaning,2026-07-14T03:13:00.041804+00:00
I0064,2026-08-09T10:52:00+00:00,organic_search,landscaping,2026-08-10T11:15:25.232372+00:00
I0065,2026-09-18T06:02:00+00:00,referral,cleaning,2026-09-18T13:51:42.671951+00:00
I0066,2026-08-31T08:14:00+00:00,organic_search,cleaning,2026-09-01T07:51:56.425629+00:00
I0067,2026-08-22T04:47:00+00:00,google_ads,handyman,2026-08-23T06:42:30.257021+00:00
I0068,2026-09-12T14:24:00+00:00,social,handyman,2026-09-14T04:08:02.890623+00:00
I0069,2026-07-22T14:12:00+00:00,referral,landscaping,2026-07-22T17:07:03.544538+00:00
I0070,2026-09-18T06:50:00+00:00,organic_search,cleaning,2026-09-18T13:35:34.100307+00:00
I0071,2026-08-17T09:21:00+00:00,organic_search,cleaning,2026-08-17T18:26:01.057793+00:00
I0072,2026-08-21T03:56:00+00:00,social,cleaning,2026-08-22T15:59:15.765626+00:00
I0073,2026-06-29T12:52:00+00:00,social,handyman,2026-06-30T20:38:09.183684+00:00
I0074,2026-08-06T03:21:00+00:00,organic_search,landscaping,2026-08-07T02:30:52.167074+00:00
I0075,2026-07-29T14:17:00+00:00,referral,handyman,2026-07-29T21:34:49.119003+00:00
I0076,2026-08-24T15:20:00+00:00,organic_search,handyman,2026-08-25T16:23:48.780679+00:00
I0077,2026-08-02T12:09:00+00:00,google_ads,handyman,2026-08-03T02:12:50.763249+00:00
I0078,2026-08-10T19:24:00+00:00,google_ads,landscaping,2026-08-10T22:03:41.589872+00:00
I0079,2026-07-17T03:30:00+00:00,social,landscaping,2026-07-17T10:19:25.922460+00:00
I0080,2026-08-19T08:00:00+00:00,social,handyman,2026-08-20T13:31:40.066704+00:00
I0081,2026-07-27T07:28:00+00:00,google_ads,cleaning,2026-07-28T22:30:55.742960+00:00
I0082,2026-08-02T03:52:00+00:00,organic_search,landscaping,2026-08-02T12:35:50.468698+00:00
I0083,2026-07-21T02:30:00+00:00,google_ads,handyman,2026-07-22T14:17:13.809920+00:00
I0084,2026-08-28T05:06:00+00:00,organic_search,landscaping,
I0085,2026-08-06T05:37:00+00:00,social,cleaning,2026-08-07T00:06:28.396158+00:00
I0086,2026-08-09T20:18:00+00:00,referral,handyman,2026-08-09T22:13:34.111987+00:00
I0087,2026-08-07T15:31:00+00:00,social,landscaping,2026-08-08T03:09:18.293385+00:00
I0088,2026-07-06T21:19:00+00:00,google_ads,handyman,2026-07-07T07:56:13.197815+00:00
I0089,2026-08-02T11:54:00+00:00,google_ads,handyman,2026-08-03T23:42:52.353745+00:00
I0090,2026-08-31T19:45:00+00:00,social,landscaping,2026-08-31T20:40:16.576497+00:00
I0091,2026-08-30T20:39:00+00:00,organic_search,landscaping,2026-08-31T17:31:08.707461+00:00
I0092,2026-08-01T14:08:00+00:00,organic_search,landscaping,2026-08-02T04:53:57.354685+00:00
I0093,2026-07-27T17:19:00+00:00,google_ads,landscaping,2026-07-29T09:16:41.107523+00:00
I0094,2026-08-15T18:05:00+00:00,organic_search,cleaning,2026-08-17T05:08:14.677481+00:00
I0095,2026-07-03T23:06:00+00:00,organic_search,landscaping,2026-07-05T14:46:46.988450+00:00
I0096,2026-07-08T08:06:00+00:00,social,landscaping,2026-07-08T20:24:00.295474+00:00
I0097,2026-07-03T16:14:00+00:00,google_ads,handyman,
I0098,2026-08-12T18:14:00+00:00,google_ads,landscaping,2026-08-13T23:13:15.782127+00:00
I0099,2026-07-26T15:44:00+00:00,google_ads,cleaning,2026-07-26T21:08:56.663394+00:00
I0100,2026-09-08T23:23:00+00:00,referral,landscaping,2026-09-09T03:18:39.736762+00:00
I0101,2026-07-04T11:34:00+00:00,referral,landscaping,2026-07-04T12:44:20.960518+00:00
I0102,2026-08-18T05:50:00+00:00, Google ,cleaning,2026-08-18T23:17:12.525355+00:00
I0103,2026-07-01T23:18:00+00:00,google_ads,landscaping,2026-07-02T11:31:58.124943+00:00
I0104,2026-08-21T16:24:00+00:00,referral,cleaning,2026-08-21T20:45:58.902724+00:00
I0105,2026-09-09T03:31:00+00:00,google_ads,landscaping,2026-09-10T14:13:21.501017+00:00
I0106,2026-08-10T15:53:00+00:00,referral,landscaping,2026-08-10T20:01:40.500556+00:00
I0107,2026-09-03T20:36:00+00:00,google_ads,handyman,2026-09-03T22:10:24.214923+00:00
I0108,2026-09-15T07:49:00+00:00,organic_search,cleaning,2026-09-17T01:47:56.119081+00:00
I0109,2026-08-08T06:03:00+00:00,social,cleaning,2026-08-09T23:55:23.653955+00:00
I0110,2026-07-07T07:19:00+00:00,organic_search,handyman,2026-07-07T21:38:56.274014+00:00
I0111,2026-07-29T00:28:00+00:00,organic_search,handyman,2026-07-29T12:55:39.738627+00:00
I0112,2026-08-18T01:42:00+00:00,google_ads,cleaning,2026-08-18T15:15:08.863281+00:00
I0113,2026-08-04T18:56:00+00:00,social,cleaning,2026-08-05T22:43:34.461741+00:00
I0114,2026-07-16T01:46:00+00:00,organic_search,landscaping,2026-07-17T09:39:32.607216+00:00
I0115,2026-07-17T12:40:00+00:00,google_ads,cleaning,2026-07-19T03:39:54.310470+00:00
I0116,2026-07-10T01:15:00+00:00,google_ads,landscaping,2026-07-11T03:01:05.427062+00:00
I0117,2026-09-13T14:04:00+00:00,social,handyman,2026-09-15T05:52:10.874908+00:00
I0118,2026-07-23T21:18:00+00:00,organic_search,handyman,2026-07-25T14:28:48.548111+00:00
I0119,2026-09-15T15:29:00+00:00, Google ,handyman,2026-09-16T06:05:17.361321+00:00
I0120,2026-08-20T18:51:00+00:00,walk_in,handyman,2026-08-22T07:15:29.932848+00:00
I0121,2026-07-28T06:56:00+00:00,social,landscaping,2026-07-28T17:20:37.548298+00:00
I0122,2026-08-05T09:21:00+00:00,google_ads,landscaping,2026-08-06T05:28:42.651786+00:00
I0123,2026-07-10T11:47:00+00:00,organic_search,landscaping,
I0124,2026-09-13T22:01:00+00:00,organic_search,landscaping,
I0125,2026-07-12T02:54:00+00:00,organic_search,landscaping,
I0126,2026-09-08T03:16:00+00:00,walk_in,handyman,2026-09-09T05:37:54.954438+00:00
I0127,2026-08-25T01:15:00+00:00,referral,handyman,
I0128,2026-07-05T05:28:00+00:00,google_ads,landscaping,2026-07-06T20:11:06.807358+00:00
I0129,2026-08-07T12:01:00+00:00,walk_in,landscaping,
I0130,2026-07-14T03:25:00+00:00,referral,cleaning,2026-07-14T04:04:02.561375+00:00
I0131,2026-08-19T12:17:00+00:00,referral,cleaning,
I0132,2026-09-16T06:22:00+00:00,organic_search,landscaping,2026-09-16T16:51:39.970903+00:00
I0133,2026-08-28T16:44:00+00:00,google_ads,handyman,2026-08-30T06:38:00.687886+00:00
I0134,2026-07-26T05:30:00+00:00,referral,handyman,2026-07-26T12:27:54.260720+00:00
I0135,2026-08-20T01:23:00+00:00,organic_search,handyman,2026-08-21T19:04:48.191318+00:00
I0136,2026-08-27T21:55:00+00:00,organic_search,cleaning,2026-08-28T21:54:09.795133+00:00
I0137,2026-07-03T11:08:00+00:00,social,landscaping,2026-07-04T08:14:51.056607+00:00
I0138,2026-08-24T12:21:00+00:00,google_ads,landscaping,2026-08-25T20:42:00.133710+00:00
I0139,2026-07-10T23:04:00+00:00,google_ads,handyman,2026-07-11T13:07:31.837382+00:00
I0140,2026-07-23T19:20:00+00:00,social,handyman,2026-07-25T09:45:58.913659+00:00
I0141,2026-07-25T20:44:00+00:00,referral,handyman,2026-07-26T04:48:53.323962+00:00
I0142,2026-09-02T22:04:00+00:00,referral,handyman,2026-09-03T07:44:45.276685+00:00
I0143,2026-08-09T09:29:00+00:00,organic_search,landscaping,2026-08-10T13:53:07.715124+00:00
I0144,2026-08-01T19:29:00+00:00,google_ads,cleaning,2026-08-02T15:32:58.644076+00:00
I0145,2026-07-28T20:32:00+00:00,social,cleaning,2026-07-29T23:54:39.265668+00:00
I0146,2026-08-31T19:31:00+00:00,google_ads,handyman,
I0147,2026-07-02T09:17:00+00:00,google_ads,handyman,2026-07-02T14:36:08.399820+00:00
I0148,2026-08-03T09:00:00+00:00,organic_search,landscaping,2026-08-05T00:53:57.486801+00:00
I0149,2026-08-27T14:41:00+00:00,google_ads,handyman,2026-08-28T16:43:58.440779+00:00
I0150,2026-09-14T20:45:00+00:00,organic_search,landscaping,2026-09-15T12:29:39.842799+00:00
I0151,2026-07-04T12:16:00+00:00,organic_search,cleaning,2026-07-06T04:56:50.107265+00:00
I0152,2026-07-07T08:15:00+00:00,referral,landscaping,2026-07-07T14:43:01.310166+00:00
I0153,2026-07-05T05:52:00+00:00,social,landscaping,2026-07-05T14:57:49.311130+00:00
I0154,2026-07-28T21:44:00+00:00,referral,landscaping,2026-07-28T21:57:40.038256+00:00
I0155,2026-08-28T04:06:00+00:00,social,cleaning,2026-08-28T05:13:00.132888+00:00
I0156,2026-09-04T12:18:00+00:00,organic_search,cleaning,2026-09-05T19:44:42.392090+00:00
I0157,2026-08-14T17:11:00+00:00,organic_search,handyman,2026-08-15T14:35:33.500254+00:00
I0158,2026-07-01T20:02:00+00:00,google_ads,handyman,2026-07-03T07:41:46.402349+00:00
I0159,2026-07-28T07:39:00+00:00,referral,cleaning,2026-07-28T09:05:12.039235+00:00
I0160,2026-08-16T07:01:00+00:00,google_ads,landscaping,
I0161,2026-08-31T21:03:00+00:00,google_ads,landscaping,2026-09-02T00:33:46.949733+00:00
I0162,2026-07-18T13:43:00+00:00,organic_search,cleaning,2026-07-19T07:23:23.747534+00:00
I0163,2026-07-22T04:48:00+00:00,organic_search,cleaning,2026-07-23T09:48:11.062699+00:00
I0164,2026-08-01T22:03:00+00:00,social,landscaping,2026-08-02T01:02:21.158109+00:00
I0165,2026-08-28T23:39:00+00:00,google_ads,handyman,2026-08-30T12:24:16.941412+00:00
I0166,2026-09-20T08:41:00+00:00,referral,handyman,2026-09-20T14:46:02.468018+00:00
I0167,2026-07-08T20:24:00+00:00,organic_search,landscaping,2026-07-09T12:09:13.620962+00:00
I0168,2026-09-11T11:52:00+00:00,referral,landscaping,
I0169,2026-08-27T21:03:00+00:00,social,handyman,2026-08-27T22:45:05.605251+00:00
I0170,2026-09-20T21:07:00+00:00, Google ,cleaning,
I0171,2026-08-27T19:59:00+00:00,organic_search,cleaning,2026-08-29T03:14:00.777432+00:00
I0172,2026-07-13T07:51:00+00:00,organic_search,landscaping,2026-07-13T21:48:42.804077+00:00
I0173,2026-09-17T09:41:00+00:00,google_ads,cleaning,
I0174,2026-07-06T10:13:00+00:00,google_ads,landscaping,2026-07-07T04:18:47.807103+00:00
I0175,2026-07-18T14:55:00+00:00,referral,cleaning,
I0176,2026-08-29T17:35:00+00:00,referral,handyman,2026-08-29T22:56:50.235300+00:00
I0177,2026-07-18T05:26:00+00:00,referral,handyman,
I0178,2026-08-13T06:33:00+00:00,referral,cleaning,2026-08-13T08:00:57.671558+00:00
I0179,2026-09-04T13:00:00+00:00,google_ads,cleaning,
I0180,2026-07-27T11:53:00+00:00,organic_search,landscaping,2026-07-28T05:10:00.778945+00:00
I0181,2026-08-09T21:05:00+00:00,social,handyman,2026-08-10T01:14:26.604266+00:00
I0182,2026-07-27T05:48:00+00:00,referral,cleaning,2026-07-27T09:15:50.661002+00:00
I0183,2026-07-30T19:13:00+00:00,organic_search,landscaping,2026-08-01T05:32:26.528659+00:00
I0184,2026-07-05T20:36:00+00:00,google_ads,landscaping,2026-07-06T17:36:21.083538+00:00
I0185,2026-08-08T20:38:00+00:00,referral,landscaping,2026-08-09T03:08:04.751786+00:00
I0186,2026-08-10T16:22:00+00:00,organic_search,handyman,2026-08-12T01:54:51.654065+00:00
I0187,2026-08-01T13:31:00+00:00,social,cleaning,2026-08-02T16:46:13.170555+00:00
I0188,2026-09-09T01:45:00+00:00,referral,cleaning,2026-09-09T06:21:26.605065+00:00
I0189,2026-08-09T00:10:00+00:00,google_ads,handyman,
I0190,2026-08-26T19:29:00+00:00,google_ads,cleaning,2026-08-28T01:20:58.682626+00:00
I0191,2026-08-23T12:08:00+00:00,google_ads,handyman,2026-08-25T02:43:39.756294+00:00
I0192,2026-08-29T19:04:00+00:00,organic_search,landscaping,
I0193,2026-07-07T14:27:00+00:00,organic_search,handyman,2026-07-08T02:44:31.557897+00:00
I0194,2026-09-19T11:56:00+00:00,referral,cleaning,2026-09-19T15:24:01.012632+00:00
I0195,2026-09-01T12:28:00+00:00,social,handyman,2026-09-02T12:09:42.957272+00:00
I0196,2026-07-10T15:10:00+00:00,referral,landscaping,2026-07-11T01:08:19.949905+00:00
I0197,2026-07-27T02:43:00+00:00,google_ads,cleaning,2026-07-27T17:23:54.812363+00:00
I0198,2026-09-08T17:40:00+00:00,google_ads,landscaping,2026-09-10T04:49:26.902099+00:00
I0199,2026-07-13T18:26:00+00:00,google_ads,landscaping,2026-07-15T02:56:02.013371+00:00
I0200,2026-07-20T14:53:00+00:00,walk_in,landscaping,2026-07-21T03:12:28.233125+00:00
I0201,2026-09-08T09:28:00+00:00,organic_search,cleaning,2026-09-09T01:13:55.439159+00:00
I0202,2026-08-10T00:33:00+00:00,referral,handyman,2026-08-10T05:40:42.548076+00:00
I0203,2026-07-03T17:59:00+00:00,referral,handyman,
I0204,2026-09-13T23:52:00+00:00,organic_search,cleaning,2026-09-14T12:11:48.414300+00:00
I0205,2026-07-07T08:21:00+00:00,social,cleaning,2026-07-08T18:44:35.466425+00:00
I0206,2026-08-05T18:21:00+00:00,google_ads,landscaping,2026-08-06T10:22:09.846259+00:00
I0207,2026-09-13T09:12:00+00:00,referral,handyman,2026-09-13T17:09:19.908890+00:00
I0208,2026-09-19T10:52:00+00:00,google_ads,handyman,2026-09-19T20:18:58.818824+00:00
I0209,2026-08-23T10:07:00+00:00,organic_search,cleaning,2026-08-24T18:49:40.191316+00:00
I0210,2026-09-19T09:19:00+00:00,organic_search,landscaping,2026-09-19T10:29:55.441620+00:00
I0211,2026-07-31T02:44:00+00:00,google_ads,handyman,2026-07-31T11:00:24.698423+00:00
I0212,2026-07-31T19:45:00+00:00,google_ads,landscaping,2026-08-01T18:49:45.844813+00:00
I0213,2026-06-30T20:25:00+00:00,organic_search,handyman,2026-06-30T22:43:24.043120+00:00
I0214,2026-07-20T22:44:00+00:00,referral,landscaping,2026-07-20T23:56:57.261245+00:00
I0215,2026-08-26T12:12:00+00:00,google_ads,landscaping,2026-08-27T07:58:54.661222+00:00
I0216,2026-09-10T20:44:00+00:00,google_ads,landscaping,2026-09-12T05:26:42.845716+00:00
I0217,2026-07-27T17:25:00+00:00,social,landscaping,2026-07-28T10:26:34.673919+00:00
I0218,2026-07-02T07:59:00+00:00,referral,cleaning,2026-07-02T10:59:13.992395+00:00
I0219,2026-08-07T18:32:00+00:00,social,landscaping,2026-08-08T13:16:56.653076+00:00
I0220,2026-07-16T00:06:00+00:00,organic_search,handyman,2026-07-16T15:50:41.630888+00:00
I0221,2026-09-11T20:25:00+00:00, Google ,handyman,
I0222,2026-08-28T03:48:00+00:00,google_ads,handyman,2026-08-29T05:18:31.671183+00:00
I0223,2026-07-30T23:57:00+00:00,organic_search,landscaping,2026-08-01T12:33:23.553953+00:00
I0224,2026-07-23T23:46:00+00:00,referral,cleaning,2026-07-24T00:42:07.452301+00:00
I0225,2026-07-11T23:54:00+00:00,social,landscaping,
I0226,2026-07-05T02:52:00+00:00,google_ads,landscaping,2026-07-05T18:34:09.473882+00:00
I0227,2026-08-23T01:50:00+00:00,google_ads,handyman,2026-08-24T17:42:34.235272+00:00
I0228,2026-08-20T05:45:00+00:00,google_ads,handyman,2026-08-20T22:46:06.286465+00:00
I0229,2026-09-20T03:39:00+00:00,organic_search,handyman,
I0230,2026-07-18T12:44:00+00:00,walk_in,handyman,2026-07-19T18:02:00.707771+00:00
I0231,2026-09-10T18:35:00+00:00,referral,handyman,2026-09-11T01:19:41.387808+00:00
I0232,2026-09-01T18:58:00+00:00,referral,landscaping,2026-09-02T01:24:58.056796+00:00
I0233,2026-09-08T22:35:00+00:00,organic_search,handyman,2026-09-09T22:04:30.802727+00:00
I0234,2026-08-18T05:05:00+00:00,google_ads,cleaning,2026-08-18T08:18:42.766927+00:00
I0235,2026-08-11T13:39:00+00:00,organic_search,handyman,
I0236,2026-07-27T20:33:00+00:00,referral,handyman,2026-07-28T01:18:54.595283+00:00
I0237,2026-09-06T21:14:00+00:00,walk_in,handyman,2026-09-07T18:36:07.849696+00:00
I0238,2026-08-15T03:48:00+00:00, Google ,cleaning,2026-08-15T11:01:17.863758+00:00
I0239,2026-09-13T23:58:00+00:00,google_ads,cleaning,2026-09-15T02:49:17.529453+00:00
I0240,2026-08-26T08:15:00+00:00,google_ads,landscaping,2026-08-26T15:08:56.623472+00:00
I0241,2026-08-23T01:56:00+00:00,google_ads,landscaping,2026-08-23T04:08:34.428946+00:00
I0242,2026-08-20T01:51:00+00:00,organic_search,landscaping,2026-08-20T03:36:24.713248+00:00
I0243,2026-09-10T11:40:00+00:00,referral,handyman,2026-09-10T16:18:41.037011+00:00
I0244,2026-07-12T01:50:00+00:00,google_ads,landscaping,2026-07-12T15:35:05.869061+00:00
I0245,2026-07-28T01:07:00+00:00,google_ads,cleaning,2026-07-28T12:43:00.268163+00:00
I0246,2026-08-06T01:25:00+00:00,google_ads,cleaning,2026-08-07T11:40:33.590258+00:00
I0247,2026-07-16T06:41:00+00:00,referral,handyman,2026-07-16T16:38:37.800823+00:00
I0248,2026-08-13T06:31:00+00:00,google_ads,handyman,2026-08-14T03:59:33.402776+00:00
I0249,2026-09-17T07:29:00+00:00,social,landscaping,2026-09-18T03:30:45.675893+00:00
I0250,2026-08-07T05:22:00+00:00,google_ads,handyman,2026-08-08T12:03:29.704666+00:00
I0251,2026-07-25T06:27:00+00:00,google_ads,landscaping,2026-07-26T01:38:22.944468+00:00
I0252,2026-08-24T17:29:00+00:00,referral,cleaning,
I0253,2026-08-01T23:15:00+00:00,referral,handyman,2026-08-02T04:55:00.307254+00:00
I0254,2026-09-10T04:17:00+00:00,organic_search,handyman,2026-09-10T10:57:51.735288+00:00
I0255,2026-09-04T07:04:00+00:00,social,landscaping,2026-09-04T21:31:34.193751+00:00
I0256,2026-09-01T12:15:00+00:00,organic_search,handyman,2026-09-02T22:36:12.875687+00:00
I0257,2026-08-05T21:56:00+00:00,organic_search,landscaping,2026-08-07T10:37:31.607650+00:00
I0258,2026-07-23T04:03:00+00:00,walk_in,landscaping,2026-07-24T04:31:18.578742+00:00
I0259,2026-07-21T01:05:00+00:00,google_ads,landscaping,
I0260,2026-07-27T13:16:00+00:00,organic_search,handyman,2026-07-28T18:25:20.738981+00:00
I0261,2026-09-20T18:54:00+00:00,organic_search,landscaping,
I0262,2026-08-15T05:04:00+00:00,google_ads,handyman,2026-08-16T22:59:19.556540+00:00
I0263,2026-07-30T03:49:00+00:00,organic_search,landscaping,2026-07-31T12:21:15.273752+00:00
I0264,2026-08-31T02:33:00+00:00,google_ads,handyman,2026-08-31T11:01:44.266869+00:00
I0265,2026-07-19T11:13:00+00:00,social,handyman,2026-07-20T19:43:13.435802+00:00
I0266,2026-08-12T12:14:00+00:00,google_ads,handyman,2026-08-13T11:59:36.845981+00:00
I0267,2026-07-25T04:41:00+00:00,google_ads,landscaping,2026-07-26T03:43:32.717022+00:00
I0268,2026-09-02T00:03:00+00:00,google_ads,handyman,2026-09-03T03:46:22.224352+00:00
I0269,2026-08-31T08:48:00+00:00,google_ads,cleaning,2026-09-01T10:51:02.148942+00:00
I0270,2026-07-03T18:40:00+00:00,google_ads,handyman,
I0271,2026-09-07T03:45:00+00:00,google_ads,landscaping,2026-09-08T20:49:59.860348+00:00
I0272,2026-09-17T03:48:00+00:00,social,handyman,2026-09-18T07:17:50.480566+00:00
I0273,2026-07-07T03:25:00+00:00,referral,cleaning,2026-07-07T08:51:40.172329+00:00
I0274,2026-09-20T02:58:00+00:00,social,handyman,
I0275,2026-09-20T16:58:00+00:00,google_ads,handyman,
I0276,2026-09-05T04:13:00+00:00,walk_in,handyman,
I0277,2026-08-19T16:43:00+00:00,referral,handyman,2026-08-19T19:42:19.335095+00:00
I0278,2026-08-10T14:24:00+00:00,google_ads,cleaning,2026-08-11T04:37:24.204067+00:00
I0279,2026-09-02T09:48:00+00:00,google_ads,landscaping,2026-09-03T00:17:24.559592+00:00
I0280,2026-07-16T13:58:00+00:00,google_ads,landscaping,2026-07-18T03:41:38.188611+00:00
I0281,2026-07-06T21:28:00+00:00,organic_search,cleaning,2026-07-07T05:38:06.311436+00:00
I0282,2026-09-05T14:36:00+00:00,google_ads,handyman,2026-09-06T03:37:50.708450+00:00
I0283,2026-08-10T08:40:00+00:00,google_ads,handyman,2026-08-11T13:38:19.398812+00:00
I0284,2026-09-07T01:44:00+00:00,google_ads,cleaning,2026-09-08T04:44:23.471985+00:00
I0285,2026-09-05T01:27:00+00:00,walk_in,handyman,2026-09-05T19:12:27.334945+00:00
I0286,2026-09-05T16:45:00+00:00,organic_search,cleaning,2026-09-06T15:03:30.694439+00:00
I0287,2026-09-19T04:23:00+00:00,organic_search,landscaping,2026-09-20T03:09:17.027644+00:00
I0288,2026-08-08T05:12:00+00:00,google_ads,cleaning,2026-08-09T11:27:07.544147+00:00
I0289,2026-08-08T13:10:00+00:00,social,handyman,2026-08-08T19:08:32.484369+00:00
I0290,2026-08-18T20:42:00+00:00,organic_search,handyman,2026-08-20T03:12:58.043926+00:00
I0291,2026-09-04T21:14:00+00:00,google_ads,cleaning,2026-09-04T23:36:46.296528+00:00
I0292,2026-08-10T23:15:00+00:00,google_ads,handyman,2026-08-11T07:13:09.210228+00:00
I0293,2026-09-03T09:09:00+00:00,referral,handyman,2026-09-03T13:01:10.981280+00:00
I0294,2026-08-28T05:42:00+00:00,social,cleaning,2026-08-29T09:19:17.994304+00:00
I0295,2026-09-12T23:41:00+00:00,google_ads,cleaning,2026-09-14T16:47:26.507992+00:00
I0296,2026-08-06T14:31:00+00:00,organic_search,cleaning,2026-08-07T01:17:18.298552+00:00
I0297,2026-08-06T03:50:00+00:00,referral,cleaning,
I0298,2026-08-22T01:29:00+00:00,google_ads,landscaping,2026-08-23T05:52:20.331349+00:00
I0299,2026-09-05T15:58:00+00:00,social,cleaning,2026-09-05T22:16:56.254922+00:00
I0300,2026-09-16T18:12:00+00:00,google_ads,landscaping,2026-09-17T16:19:54.907507+00:00
I0301,2026-08-06T21:14:00+00:00,organic_search,cleaning,2026-08-08T14:05:00.161160+00:00
I0302,2026-09-08T12:36:00+00:00,organic_search,landscaping,2026-09-09T06:22:38.900233+00:00
I0303,2026-07-26T08:58:00+00:00,social,cleaning,2026-07-27T18:54:22.958294+00:00
I0304,2026-08-05T21:52:00+00:00,organic_search,cleaning,2026-08-06T14:29:09.805892+00:00
I0305,2026-07-07T09:59:00+00:00,organic_search,cleaning,2026-07-07T12:37:19.572390+00:00
I0306,2026-07-02T14:23:00+00:00,social,cleaning,2026-07-04T00:16:34.802307+00:00
I0307,2026-07-18T18:04:00+00:00,organic_search,handyman,2026-07-19T07:08:56.291029+00:00
I0308,2026-08-11T14:13:00+00:00,social,landscaping,2026-08-12T15:47:57.589191+00:00
I0309,2026-08-18T06:02:00+00:00,google_ads,handyman,2026-08-18T22:19:50.864609+00:00
I0310,2026-08-10T10:00:00+00:00,google_ads,landscaping,2026-08-11T05:59:01.869050+00:00
I0311,2026-08-01T17:49:00+00:00,google_ads,cleaning,2026-08-02T17:39:41.194283+00:00
I0312,2026-07-29T00:36:00+00:00,google_ads,landscaping,2026-07-30T11:41:04.389664+00:00
I0313,2026-08-30T08:04:00+00:00,google_ads,handyman,2026-09-01T00:40:36.335127+00:00
I0314,2026-07-14T07:30:00+00:00,referral,handyman,2026-07-14T09:21:31.694279+00:00
I0315,2026-07-04T08:18:00+00:00,organic_search,cleaning,2026-07-06T00:01:31.103813+00:00
I0316,2026-08-05T12:53:00+00:00,google_ads,landscaping,2026-08-05T22:59:16.148776+00:00
I0317,2026-08-28T16:32:00+00:00,social,handyman,
I0318,2026-08-16T10:38:00+00:00,organic_search,cleaning,2026-08-16T11:49:38.886452+00:00
I0319,2026-08-29T08:26:00+00:00,organic_search,cleaning,
I0320,2026-07-12T13:16:00+00:00,google_ads,landscaping,2026-07-13T11:36:52.524219+00:00
I0321,2026-08-09T18:41:00+00:00,organic_search,landscaping,2026-08-10T04:33:23.073543+00:00
I0322,2026-08-27T12:06:00+00:00,walk_in,landscaping,
I0323,2026-08-02T12:30:00+00:00,organic_search,handyman,
I0324,2026-07-14T14:23:00+00:00,google_ads,handyman,2026-07-15T17:38:49.141946+00:00
I0325,2026-07-07T16:19:00+00:00,social,cleaning,2026-07-08T02:21:07.114667+00:00
I0326,2026-08-19T14:09:00+00:00,organic_search,cleaning,2026-08-21T05:00:09.394431+00:00
I0327,2026-07-27T15:00:00+00:00,google_ads,cleaning,2026-07-28T15:51:43.193950+00:00
I0328,2026-08-04T06:05:00+00:00,social,handyman,2026-08-04T13:19:30.067457+00:00
I0329,2026-08-03T10:07:00+00:00,referral,landscaping,2026-08-03T13:34:03.428742+00:00
I0330,2026-07-03T21:18:00+00:00,google_ads,cleaning,2026-07-05T08:36:17.993847+00:00
I0331,2026-08-22T05:07:00+00:00,organic_search,handyman,2026-08-22T06:50:46.073446+00:00
I0332,2026-08-12T15:44:00+00:00,google_ads,landscaping,2026-08-14T07:17:26.741039+00:00
I0333,2026-08-28T03:15:00+00:00,organic_search,landscaping,2026-08-28T16:00:29.694417+00:00
I0334,2026-07-13T01:01:00+00:00,referral,handyman,
I0335,2026-07-27T01:25:00+00:00,organic_search,handyman,
I0336,2026-08-07T05:29:00+00:00,organic_search,landscaping,
I0337,2026-07-07T03:46:00+00:00,organic_search,cleaning,2026-07-08T05:02:20.528560+00:00
I0338,2026-06-30T02:57:00+00:00,google_ads,handyman,2026-07-01T11:47:07.864380+00:00
I0339,2026-07-21T02:16:00+00:00,organic_search,cleaning,2026-07-22T07:12:26.209174+00:00
I0340,2026-07-24T02:50:00+00:00,organic_search,handyman,2026-07-25T11:48:50.393650+00:00
I0341,2026-09-02T14:49:00+00:00,referral,landscaping,2026-09-02T21:03:36.074983+00:00
I0342,2026-08-02T13:52:00+00:00,social,handyman,2026-08-03T08:38:09.304469+00:00
I0343,2026-08-27T06:12:00+00:00,walk_in,cleaning,2026-08-27T19:10:05.031531+00:00
I0344,2026-08-11T14:24:00+00:00,google_ads,handyman,2026-08-13T07:06:07.548129+00:00
I0345,2026-08-12T16:37:00+00:00,walk_in,cleaning,2026-08-13T06:38:27.403874+00:00
I0346,2026-08-01T05:23:00+00:00,google_ads,landscaping,2026-08-01T14:10:30.127277+00:00
I0347,2026-08-10T00:25:00+00:00,social,cleaning,2026-08-10T19:06:45.170174+00:00
I0348,2026-09-11T13:03:00+00:00,social,handyman,2026-09-12T17:28:42.861268+00:00
I0349,2026-07-21T23:59:00+00:00,referral,landscaping,2026-07-22T04:19:47.954257+00:00
I0350,2026-09-20T18:37:00+00:00,social,handyman,
I0351,2026-07-31T17:24:00+00:00,referral,landscaping,2026-07-31T23:25:09.967602+00:00
I0352,2026-07-03T00:46:00+00:00,organic_search,landscaping,2026-07-04T05:22:54.301242+00:00
I0353,2026-09-09T11:23:00+00:00,organic_search,cleaning,2026-09-09T15:58:31.819852+00:00
I0354,2026-08-18T18:57:00+00:00,organic_search,landscaping,2026-08-19T04:37:22.141385+00:00
I0355,2026-08-11T22:37:00+00:00,google_ads,handyman,
I0356,2026-09-12T16:02:00+00:00,social,cleaning,2026-09-13T06:59:20.300657+00:00
I0357,2026-08-15T10:23:00+00:00,organic_search,handyman,2026-08-15T14:56:04.880850+00:00
I0358,2026-07-09T11:24:00+00:00,google_ads,handyman,2026-07-10T14:47:26.705641+00:00
I0359,2026-07-13T13:49:00+00:00,google_ads,handyman,2026-07-15T06:05:34.315687+00:00
I0360,2026-07-15T18:56:00+00:00,google_ads,landscaping,
I0361,2026-08-23T21:32:00+00:00,social,handyman,2026-08-24T22:36:35.151859+00:00
I0362,2026-07-17T17:32:00+00:00,google_ads,landscaping,
I0363,2026-07-08T06:16:00+00:00,referral,landscaping,2026-07-08T08:17:55.943001+00:00
I0364,2026-07-27T12:38:00+00:00,organic_search,landscaping,
I0365,2026-07-31T00:55:00+00:00,social,landscaping,2026-07-31T08:34:35.610444+00:00
I0366,2026-09-20T14:53:00+00:00,referral,cleaning,2026-09-20T21:40:12.043683+00:00
I0367,2026-08-01T23:29:00+00:00,referral,landscaping,2026-08-02T03:29:24.984141+00:00
I0368,2026-09-20T15:56:00+00:00,referral,cleaning,2026-09-20T21:34:17.315675+00:00
I0369,2026-08-09T01:13:00+00:00,referral,handyman,2026-08-09T10:44:40.984013+00:00
I0370,2026-08-05T05:46:00+00:00,referral,handyman,2026-08-05T12:55:33.822914+00:00
I0371,2026-07-19T11:10:00+00:00,organic_search,cleaning,2026-07-20T20:04:02.585496+00:00
I0372,2026-08-13T02:01:00+00:00,organic_search,cleaning,2026-08-14T02:17:03.479659+00:00
I0373,2026-07-02T18:53:00+00:00,referral,handyman,2026-07-03T00:26:15.343532+00:00
I0374,2026-08-08T22:27:00+00:00, Google ,cleaning,2026-08-09T17:10:17.043565+00:00
I0375,2026-07-20T13:36:00+00:00,google_ads,landscaping,2026-07-21T14:29:55.830208+00:00
I0376,2026-08-25T14:18:00+00:00,organic_search,landscaping,2026-08-25T20:34:41.703909+00:00
I0377,2026-08-17T00:57:00+00:00,google_ads,landscaping,2026-08-17T13:35:39.623870+00:00
I0378,2026-08-14T19:45:00+00:00,walk_in,landscaping,2026-08-16T06:04:48.027337+00:00
I0379,2026-08-05T11:08:00+00:00,social,handyman,2026-08-06T23:36:56.910011+00:00
I0380,2026-07-21T17:25:00+00:00,google_ads,handyman,2026-07-23T04:17:55.181323+00:00
I0381,2026-08-12T13:14:00+00:00,google_ads,landscaping,2026-08-13T00:53:06.342522+00:00
I0382,2026-08-25T16:10:00+00:00,referral,cleaning,2026-08-25T20:18:52.575282+00:00
I0383,2026-07-28T18:58:00+00:00,organic_search,landscaping,2026-07-28T23:19:55.363719+00:00
I0384,2026-08-31T11:15:00+00:00,organic_search,cleaning,2026-09-01T20:46:14.282241+00:00
I0385,2026-09-12T01:54:00+00:00,google_ads,handyman,2026-09-12T15:47:56.053349+00:00
I0386,2026-07-10T21:17:00+00:00,organic_search,handyman,2026-07-12T06:29:52.565829+00:00
I0387,2026-07-03T04:21:00+00:00,google_ads,handyman,2026-07-03T05:31:32.434044+00:00
I0388,2026-09-19T18:37:00+00:00,google_ads,landscaping,2026-09-20T07:38:38.706354+00:00
I0389,2026-07-07T11:54:00+00:00,referral,handyman,2026-07-07T12:54:27.796323+00:00
I0390,2026-07-20T07:29:00+00:00,organic_search,cleaning,
I0391,2026-08-11T09:36:00+00:00, Google ,landscaping,2026-08-11T19:29:12.914702+00:00
I0392,2026-07-05T10:43:00+00:00,google_ads,cleaning,
I0393,2026-07-27T12:31:00+00:00,organic_search,handyman,2026-07-27T18:42:27.116635+00:00
I0394,2026-07-11T02:51:00+00:00,referral,landscaping,2026-07-11T04:26:59.856198+00:00
I0395,2026-08-25T04:03:00+00:00,referral,handyman,2026-08-25T10:17:15.161725+00:00
I0396,2026-09-03T10:43:00+00:00,organic_search,handyman,2026-09-04T00:16:06.848026+00:00
I0397,2026-08-23T07:18:00+00:00,google_ads,landscaping,2026-08-23T08:54:47.566278+00:00
I0398,2026-07-17T16:48:00+00:00,organic_search,landscaping,2026-07-18T01:07:43.790576+00:00
I0399,2026-09-08T08:14:00+00:00,social,cleaning,
I0400,2026-08-13T11:21:00+00:00,referral,cleaning,2026-08-13T16:43:37.947753+00:00
I0401,2026-07-27T19:20:00+00:00,google_ads,landscaping,2026-07-28T13:17:57.012017+00:00
I0402,2026-06-30T06:07:00+00:00,google_ads,cleaning,2026-07-01T20:54:13.345767+00:00
I0403,2026-08-31T21:07:00+00:00,organic_search,landscaping,2026-09-01T19:53:02.783521+00:00
I0404,2026-09-10T13:14:00+00:00,google_ads,handyman,2026-09-11T05:56:55.286543+00:00
I0405,2026-08-29T23:47:00+00:00,referral,handyman,2026-08-30T06:49:49.285103+00:00
I0406,2026-07-04T06:29:00+00:00,google_ads,handyman,2026-07-04T11:47:48.395283+00:00
I0407,2026-07-11T11:44:00+00:00,referral,cleaning,2026-07-11T16:47:53.448259+00:00
I0408,2026-09-05T05:54:00+00:00,referral,handyman,
I0409,2026-09-18T21:51:00+00:00,google_ads,handyman,
I0410,2026-09-01T20:05:00+00:00,walk_in,landscaping,2026-09-01T23:46:54.262674+00:00
I0411,2026-09-07T09:21:00+00:00,google_ads,landscaping,
I0412,2026-09-04T10:15:00+00:00,organic_search,cleaning,
I0413,2026-07-03T04:26:00+00:00,organic_search,handyman,2026-07-04T19:07:21.845862+00:00
I0414,2026-07-02T05:15:00+00:00,organic_search,landscaping,2026-07-03T12:29:15.474719+00:00
I0415,2026-09-19T02:19:00+00:00,google_ads,cleaning,2026-09-20T12:11:48.100107+00:00
I0416,2026-07-05T06:34:00+00:00,social,handyman,2026-07-06T15:10:05.005438+00:00
I0417,2026-09-08T09:46:00+00:00,google_ads,landscaping,2026-09-08T20:20:02.048637+00:00
I0418,2026-09-07T07:47:00+00:00,referral,landscaping,2026-09-07T16:48:27.639526+00:00
I0419,2026-07-30T12:46:00+00:00,referral,landscaping,2026-07-30T21:33:47.567111+00:00
I0420,2026-07-20T16:17:00+00:00,organic_search,cleaning,2026-07-22T09:08:40.349854+00:00
I0421,2026-08-15T07:25:00+00:00,organic_search,handyman,2026-08-16T02:56:33.629464+00:00
I0422,2026-08-14T00:07:00+00:00,google_ads,handyman,2026-08-14T03:43:19.674359+00:00
I0423,2026-07-10T21:32:00+00:00,google_ads,handyman,2026-07-12T09:20:46.507645+00:00
I0424,2026-07-20T06:19:00+00:00,google_ads,cleaning,2026-07-20T12:27:55.109855+00:00
I0425,2026-07-09T23:45:00+00:00,organic_search,cleaning,2026-07-10T19:00:16.411292+00:00
I0426,2026-07-07T05:31:00+00:00,google_ads,landscaping,2026-07-07T18:38:29.718443+00:00
I0427,2026-07-18T13:43:00+00:00,social,handyman,2026-07-18T20:22:19.575327+00:00
I0428,2026-08-04T01:36:00+00:00,organic_search,landscaping,2026-08-04T14:30:06.802219+00:00
I0429,2026-07-21T17:48:00+00:00,google_ads,cleaning,2026-07-23T03:39:42.174965+00:00
I0430,2026-08-04T11:05:00+00:00,organic_search,landscaping,
I0431,2026-08-21T08:23:00+00:00,google_ads,cleaning,
I0432,2026-09-19T03:31:00+00:00,referral,cleaning,2026-09-19T04:37:05.006372+00:00
I0433,2026-07-10T03:39:00+00:00,google_ads,handyman,2026-07-10T06:15:05.272517+00:00
I0434,2026-09-02T22:32:00+00:00,organic_search,cleaning,2026-09-03T14:54:59.778122+00:00
I0435,2026-07-12T12:41:00+00:00,google_ads,landscaping,2026-07-13T14:47:16.388375+00:00
I0436,2026-09-17T08:27:00+00:00,organic_search,cleaning,2026-09-17T12:35:25.599728+00:00
I0437,2026-09-10T00:21:00+00:00,organic_search,cleaning,2026-09-11T17:54:36.900195+00:00
I0438,2026-07-23T14:46:00+00:00,google_ads,handyman,
I0439,2026-09-10T18:58:00+00:00,referral,cleaning,2026-09-11T03:05:29.309012+00:00
I0440,2026-07-08T02:44:00+00:00,google_ads,cleaning,2026-07-08T14:17:39.133959+00:00
I0441,2026-07-04T02:08:00+00:00,referral,cleaning,2026-07-04T07:58:30.417592+00:00
I0442,2026-07-27T22:41:00+00:00,social,landscaping,2026-07-28T14:04:22.200023+00:00
I0443,2026-07-31T00:15:00+00:00,social,landscaping,2026-07-31T06:38:50.082188+00:00
I0444,2026-09-10T18:20:00+00:00,social,handyman,2026-09-11T17:19:53.415467+00:00
I0445,2026-06-29T01:29:00+00:00,google_ads,landscaping,2026-06-29T10:20:38.778873+00:00
I0446,2026-09-20T15:06:00+00:00,social,handyman,2026-09-20T18:04:17.660849+00:00
I0447,2026-07-11T21:26:00+00:00,referral,landscaping,2026-07-12T06:04:04.418781+00:00
I0448,2026-07-26T11:12:00+00:00,google_ads,cleaning,2026-07-27T18:05:33.392598+00:00
I0449,2026-08-12T08:18:00+00:00,referral,cleaning,2026-08-12T15:25:49.413461+00:00
I0450,2026-08-23T20:40:00+00:00,referral,cleaning,2026-08-24T03:23:19.957299+00:00
I0451,2026-06-29T03:55:00+00:00,social,landscaping,2026-06-29T20:40:05.253235+00:00
I0452,2026-07-01T22:44:00+00:00,google_ads,handyman,2026-07-03T13:27:23.109533+00:00
I0453,2026-07-06T01:58:00+00:00,google_ads,handyman,2026-07-06T09:26:02.380063+00:00
I0454,2026-07-18T02:03:00+00:00,google_ads,cleaning,2026-07-18T17:05:41.885587+00:00
I0455,2026-07-03T09:10:00+00:00,organic_search,landscaping,2026-07-04T03:04:56.192440+00:00
I0456,2026-09-12T10:33:00+00:00,organic_search,landscaping,2026-09-13T14:03:54.852729+00:00
I0457,2026-07-22T18:26:00+00:00,walk_in,cleaning,2026-07-23T09:07:06.145252+00:00
I0458,2026-09-18T07:16:00+00:00,organic_search,cleaning,2026-09-19T01:39:59.706121+00:00
I0459,2026-08-07T12:31:00+00:00, Google ,cleaning,2026-08-08T02:45:25.530168+00:00
I0460,2026-08-18T10:28:00+00:00,referral,landscaping,2026-08-18T15:57:35.625227+00:00
I0461,2026-06-29T08:20:00+00:00,organic_search,handyman,2026-06-30T19:01:30.257678+00:00
I0462,2026-07-06T10:59:00+00:00,organic_search,cleaning,2026-07-07T00:16:47.997978+00:00
I0463,2026-07-15T19:52:00+00:00,organic_search,handyman,2026-07-16T11:41:48.608741+00:00
I0464,2026-08-19T08:36:00+00:00,google_ads,landscaping,
I0465,2026-07-30T07:01:00+00:00,social,handyman,2026-07-31T23:48:03.407254+00:00
I0466,2026-09-13T12:44:00+00:00,organic_search,landscaping,2026-09-14T06:36:23.631995+00:00
I0467,2026-08-11T05:16:00+00:00,organic_search,cleaning,
I0468,2026-09-19T04:08:00+00:00,social,cleaning,2026-09-20T01:28:13.959665+00:00
I0469,2026-08-29T16:05:00+00:00,walk_in,cleaning,2026-08-29T21:34:30.112088+00:00
I0470,2026-07-10T11:39:00+00:00,google_ads,cleaning,2026-07-12T05:09:49.022489+00:00
I0471,2026-08-25T02:11:00+00:00,google_ads,landscaping,2026-08-25T13:23:08.222182+00:00
I0472,2026-07-05T02:23:00+00:00,google_ads,landscaping,2026-07-05T19:22:24.836157+00:00
I0473,2026-08-21T11:34:00+00:00,organic_search,handyman,2026-08-21T16:44:10.315088+00:00
I0474,2026-08-19T05:12:00+00:00,referral,handyman,2026-08-19T13:54:04.527447+00:00
I0475,2026-07-23T01:00:00+00:00,organic_search,handyman,2026-07-24T01:14:20.272026+00:00
I0476,2026-09-17T00:06:00+00:00, Google ,cleaning,2026-09-17T02:38:44.071743+00:00
I0477,2026-07-26T14:02:00+00:00,google_ads,handyman,2026-07-28T02:09:00.276615+00:00
I0478,2026-07-19T17:58:00+00:00,google_ads,landscaping,2026-07-20T12:51:20.725632+00:00
I0479,2026-09-20T03:25:00+00:00,social,landscaping,
I0480,2026-08-02T00:49:00+00:00,social,landscaping,
I0481,2026-09-01T14:04:00+00:00,organic_search,cleaning,2026-09-02T22:57:29.154586+00:00
I0482,2026-07-21T17:01:00+00:00,google_ads,cleaning,2026-07-23T07:36:53.841760+00:00
I0483,2026-07-10T06:36:00+00:00,referral,cleaning,2026-07-10T10:27:00.627347+00:00
I0484,2026-07-07T05:27:00+00:00,google_ads,handyman,2026-07-07T08:00:37.865800+00:00
I0485,2026-07-18T12:11:00+00:00,social,landscaping,2026-07-18T22:01:31.738913+00:00
I0486,2026-08-14T17:16:00+00:00,google_ads,landscaping,2026-08-14T18:08:09.359119+00:00
I0487,2026-08-22T17:12:00+00:00,social,cleaning,2026-08-23T04:10:27.131939+00:00
I0488,2026-09-01T13:38:00+00:00,referral,handyman,2026-09-01T22:36:32.639360+00:00
I0489,2026-08-24T18:17:00+00:00,organic_search,cleaning,2026-08-24T19:05:17.727358+00:00
I0490,2026-09-13T09:39:00+00:00,organic_search,landscaping,2026-09-14T10:47:29.617856+00:00
I0491,2026-08-11T20:22:00+00:00,google_ads,handyman,2026-08-12T23:27:04.854995+00:00
I0492,2026-09-06T16:12:00+00:00,google_ads,cleaning,2026-09-08T02:07:31.215501+00:00
I0493,2026-08-28T02:57:00+00:00, Google ,cleaning,2026-08-29T09:22:59.709720+00:00
I0494,2026-07-22T14:43:00+00:00,social,handyman,
I0495,2026-09-01T10:48:00+00:00,walk_in,cleaning,2026-09-02T01:32:29.157216+00:00
I0496,2026-08-26T02:25:00+00:00,referral,landscaping,2026-08-26T06:07:47.778805+00:00
I0497,2026-08-10T20:26:00+00:00,google_ads,handyman,2026-08-12T03:01:42.883584+00:00
I0498,2026-08-29T20:51:00+00:00,social,landscaping,2026-08-30T01:03:21.393410+00:00
I0499,2026-07-26T22:50:00+00:00,organic_search,handyman,2026-07-27T14:45:29.355007+00:00
I0500,2026-08-21T02:50:00+00:00,organic_search,landscaping,2026-08-21T06:17:19.631168+00:00
I0501,2026-07-03T22:06:00+00:00,social,cleaning,2026-07-04T04:18:02.369720+00:00
I0502,2026-08-19T19:52:00+00:00,social,handyman,2026-08-20T02:18:37.688354+00:00
I0503,2026-07-27T12:39:00+00:00,referral,cleaning,2026-07-27T17:16:48.437904+00:00
I0504,2026-09-07T23:23:00+00:00,google_ads,landscaping,2026-09-08T17:52:56.485295+00:00
I0505,2026-08-11T10:53:00+00:00,organic_search,cleaning,2026-08-12T09:32:07.120865+00:00
I0506,2026-09-18T04:37:00+00:00,google_ads,landscaping,2026-09-18T13:01:32.160465+00:00
I0507,2026-07-21T15:33:00+00:00,google_ads,handyman,
I0508,2026-08-13T19:33:00+00:00,organic_search,cleaning,
I0509,2026-07-25T11:19:00+00:00,organic_search,landscaping,2026-07-26T12:33:57.665841+00:00
I0510,2026-07-11T04:16:00+00:00, Google ,handyman,2026-07-11T19:40:32.082423+00:00
I0511,2026-09-20T13:51:00+00:00,social,cleaning,2026-09-20T23:49:45.691754+00:00
I0512,2026-08-21T16:12:00+00:00,organic_search,cleaning,2026-08-22T07:54:48.762839+00:00
I0513,2026-07-03T10:08:00+00:00,organic_search,cleaning,2026-07-04T14:06:18.305426+00:00
I0514,2026-08-17T19:33:00+00:00,google_ads,landscaping,2026-08-18T02:24:17.188460+00:00
I0515,2026-07-26T09:47:00+00:00,organic_search,cleaning,2026-07-27T13:46:34.955104+00:00
I0516,2026-07-11T11:38:00+00:00,organic_search,cleaning,2026-07-12T09:21:50.767098+00:00
I0517,2026-09-07T19:28:00+00:00,google_ads,landscaping,2026-09-09T12:21:04.086514+00:00
I0518,2026-07-13T14:20:00+00:00,google_ads,handyman,2026-07-15T04:36:47.280143+00:00
I0519,2026-07-20T08:17:00+00:00,google_ads,landscaping,
I0520,2026-08-20T06:15:00+00:00,referral,cleaning,2026-08-20T15:45:16.455435+00:00
I0521,2026-07-25T22:40:00+00:00,google_ads,cleaning,2026-07-26T03:18:31.451910+00:00
I0522,2026-07-07T15:31:00+00:00,social,cleaning,2026-07-07T16:25:05.045762+00:00
I0523,2026-07-28T21:58:00+00:00,organic_search,handyman,2026-07-30T14:06:10.319980+00:00
I0524,2026-08-01T22:00:00+00:00,social,cleaning,2026-08-02T03:13:26.500786+00:00
I0525,2026-09-13T01:37:00+00:00,organic_search,handyman,2026-09-14T11:18:44.925084+00:00
I0526,2026-07-09T06:58:00+00:00,google_ads,landscaping,2026-07-09T09:54:01.771512+00:00
I0527,2026-08-29T17:58:00+00:00,organic_search,landscaping,2026-08-30T10:13:34.766400+00:00
I0528,2026-07-09T06:42:00+00:00,social,handyman,2026-07-09T09:06:28.265412+00:00
I0529,2026-09-01T03:09:00+00:00,social,landscaping,2026-09-02T11:30:08.790513+00:00
I0530,2026-08-28T23:17:00+00:00,social,landscaping,2026-08-29T21:29:31.614379+00:00
I0531,2026-08-29T13:23:00+00:00,referral,cleaning,2026-08-29T21:48:21.084989+00:00
I0532,2026-07-03T23:12:00+00:00,google_ads,cleaning,2026-07-04T20:40:51.795240+00:00
I0533,2026-07-14T01:19:00+00:00,google_ads,handyman,2026-07-14T15:07:22.692041+00:00
I0534,2026-09-11T08:59:00+00:00,google_ads,handyman,2026-09-12T03:55:01.818143+00:00
I0535,2026-09-04T19:59:00+00:00,referral,cleaning,
I0536,2026-08-17T23:31:00+00:00,google_ads,cleaning,2026-08-19T08:52:32.422805+00:00
I0537,2026-09-18T00:28:00+00:00,organic_search,cleaning,2026-09-19T04:07:56.639944+00:00
I0538,2026-07-29T05:12:00+00:00,organic_search,landscaping,2026-07-30T06:35:52.702043+00:00
I0539,2026-06-29T04:47:00+00:00,google_ads,landscaping,2026-06-30T21:18:26.392308+00:00
I0540,2026-08-31T21:45:00+00:00,google_ads,cleaning,2026-09-01T18:41:07.868042+00:00
I0541,2026-08-05T05:56:00+00:00,google_ads,landscaping,2026-08-05T14:33:50.667192+00:00
I0542,2026-07-18T14:57:00+00:00,organic_search,cleaning,
I0543,2026-08-05T17:25:00+00:00,google_ads,landscaping,2026-08-07T04:40:17.455880+00:00
I0544,2026-08-09T00:08:00+00:00,organic_search,landscaping,2026-08-10T16:18:54.834051+00:00
I0545,2026-09-13T08:25:00+00:00,organic_search,landscaping,2026-09-14T17:19:53.575664+00:00
I0546,2026-07-14T19:20:00+00:00,referral,cleaning,2026-07-14T20:32:53.383748+00:00
I0547,2026-09-20T08:50:00+00:00,referral,cleaning,2026-09-20T11:42:52.462645+00:00
I0548,2026-08-09T05:15:00+00:00,social,cleaning,2026-08-09T22:52:44.173637+00:00
I0549,2026-07-26T04:59:00+00:00,social,landscaping,2026-07-27T17:12:09.707392+00:00
I0550,2026-08-25T13:53:00+00:00,google_ads,cleaning,2026-08-26T16:17:10.637827+00:00
I0551,2026-08-25T23:16:00+00:00,google_ads,cleaning,2026-08-27T07:20:19.788710+00:00
I0552,2026-08-28T17:25:00+00:00,referral,landscaping,2026-08-29T00:56:44.808561+00:00
I0553,2026-07-04T03:39:00+00:00,google_ads,cleaning,2026-07-05T20:57:59.739607+00:00
I0554,2026-07-01T22:34:00+00:00,organic_search,handyman,2026-07-02T03:19:10.512947+00:00
I0555,2026-09-15T17:16:00+00:00,google_ads,landscaping,2026-09-16T17:03:33.820587+00:00
I0556,2026-09-09T17:03:00+00:00,referral,landscaping,2026-09-09T23:45:43.333100+00:00
I0557,2026-07-03T21:31:00+00:00,google_ads,handyman,2026-07-04T06:26:41.231076+00:00
I0558,2026-08-08T07:53:00+00:00,social,landscaping,2026-08-09T13:37:31.582893+00:00
I0559,2026-08-17T18:05:00+00:00,referral,cleaning,2026-08-18T01:53:22.457168+00:00
I0560,2026-09-03T21:48:00+00:00,organic_search,handyman,2026-09-03T23:59:10.754406+00:00
I0561,2026-09-01T14:20:00+00:00,social,cleaning,2026-09-01T21:12:43.285505+00:00
I0562,2026-08-18T01:50:00+00:00,organic_search,landscaping,2026-08-18T15:31:28.135403+00:00
I0563,2026-08-16T21:10:00+00:00,organic_search,handyman,2026-08-17T06:50:46.993317+00:00
I0564,2026-08-24T06:39:00+00:00,organic_search,landscaping,2026-08-25T17:19:59.047098+00:00
I0565,2026-08-23T20:39:00+00:00,social,cleaning,2026-08-25T12:56:39.184321+00:00
I0566,2026-09-20T08:53:00+00:00,referral,cleaning,2026-09-20T12:51:53.702979+00:00
I0567,2026-09-11T19:55:00+00:00,referral,landscaping,2026-09-12T03:59:03.374499+00:00
I0568,2026-07-07T17:37:00+00:00,google_ads,landscaping,2026-07-08T16:14:40.949831+00:00
I0569,2026-08-06T14:41:00+00:00,social,cleaning,2026-08-07T13:30:00.479575+00:00
I0570,2026-09-07T13:27:00+00:00,organic_search,cleaning,2026-09-08T20:56:45.489356+00:00
I0571,2026-09-09T06:59:00+00:00,google_ads,cleaning,2026-09-10T07:20:39.366763+00:00
I0572,2026-08-03T10:52:00+00:00,referral,landscaping,2026-08-03T11:07:28.114161+00:00
I0573,2026-07-31T13:24:00+00:00,social,cleaning,2026-08-01T01:55:41.587866+00:00
I0574,2026-07-24T14:59:00+00:00,referral,handyman,2026-07-24T18:55:16.270908+00:00
I0575,2026-09-09T12:34:00+00:00,referral,landscaping,2026-09-09T15:39:26.840397+00:00
I0576,2026-08-18T12:34:00+00:00,google_ads,cleaning,2026-08-18T13:16:31.457958+00:00
I0577,2026-07-06T17:57:00+00:00,google_ads,landscaping,2026-07-08T01:13:09.714166+00:00
I0578,2026-07-19T02:19:00+00:00,referral,handyman,2026-07-19T04:25:15.828877+00:00
I0579,2026-09-14T13:46:00+00:00,google_ads,landscaping,2026-09-15T09:24:33.021431+00:00
I0580,2026-08-12T08:17:00+00:00,walk_in,handyman,2026-08-12T14:06:15.342901+00:00
I0581,2026-07-28T21:16:00+00:00,referral,handyman,2026-07-29T04:15:45.202803+00:00
I0582,2026-07-21T09:46:00+00:00,referral,landscaping,2026-07-21T17:13:00.716098+00:00
I0583,2026-07-11T05:23:00+00:00,referral,handyman,2026-07-11T14:11:11.812065+00:00
I0584,2026-08-23T05:11:00+00:00,google_ads,handyman,2026-08-24T17:19:11.820112+00:00
I0585,2026-07-22T23:02:00+00:00,referral,landscaping,
I0586,2026-06-30T16:41:00+00:00,social,landscaping,2026-06-30T18:28:40.418113+00:00
I0587,2026-08-21T16:57:00+00:00,google_ads,cleaning,2026-08-22T16:20:28.143380+00:00
I0588,2026-08-10T23:19:00+00:00,referral,cleaning,2026-08-11T03:06:06.081270+00:00
I0589,2026-08-14T11:00:00+00:00,google_ads,handyman,2026-08-15T08:20:23.790088+00:00
I0590,2026-09-10T09:54:00+00:00,walk_in,landscaping,2026-09-10T17:16:57.026674+00:00
I0591,2026-07-31T15:48:00+00:00,google_ads,handyman,2026-08-01T01:55:03.436196+00:00
I0592,2026-07-31T21:09:00+00:00,organic_search,handyman,
I0593,2026-08-27T00:43:00+00:00,google_ads,landscaping,2026-08-28T17:24:25.145285+00:00
I0594,2026-08-27T11:58:00+00:00,organic_search,landscaping,2026-08-28T15:34:48.480056+00:00
I0595,2026-09-11T09:16:00+00:00,social,handyman,2026-09-12T18:39:43.023543+00:00
I0596,2026-07-06T00:24:00+00:00,organic_search,handyman,2026-07-06T09:40:40.655358+00:00
I0597,2026-09-10T20:02:00+00:00,google_ads,cleaning,2026-09-11T16:30:58.587419+00:00
I0598,2026-07-10T15:22:00+00:00,organic_search,cleaning,2026-07-10T21:27:27.772771+00:00
I0599,2026-07-12T08:49:00+00:00,google_ads,handyman,2026-07-13T23:35:53.562476+00:00
I0600,2026-08-19T07:12:00+00:00,referral,landscaping,2026-08-19T14:32:02.933849+00:00
I0601,2026-07-18T17:09:00+00:00,organic_search,handyman,2026-07-20T05:38:34.978409+00:00
I0602,2026-08-22T16:33:00+00:00,google_ads,landscaping,2026-08-24T03:05:55.705111+00:00
I0603,2026-07-23T01:51:00+00:00,google_ads,landscaping,2026-07-23T16:34:15.088419+00:00
I0604,2026-07-19T22:02:00+00:00,organic_search,cleaning,2026-07-20T03:02:20.375017+00:00
I0605,2026-08-13T21:47:00+00:00,referral,cleaning,2026-08-14T03:55:02.428710+00:00
I0606,2026-08-22T14:18:00+00:00,google_ads,landscaping,
I0607,2026-08-11T21:28:00+00:00,referral,landscaping,
I0608,2026-09-07T12:43:00+00:00,referral,handyman,2026-09-07T18:01:57.720422+00:00
I0609,2026-08-11T21:12:00+00:00,referral,handyman,2026-08-12T00:50:06.268470+00:00
I0610,2026-09-13T04:52:00+00:00,referral,cleaning,2026-09-13T09:14:11.265921+00:00
I0611,2026-08-17T11:47:00+00:00,organic_search,cleaning,2026-08-17T12:30:37.136450+00:00
I0612,2026-07-17T16:44:00+00:00,referral,handyman,
I0613,2026-08-06T18:46:00+00:00,referral,handyman,2026-08-06T21:31:38.766127+00:00
I0614,2026-08-18T06:05:00+00:00,referral,handyman,2026-08-18T08:02:05.227412+00:00
I0615,2026-09-03T23:20:00+00:00,google_ads,landscaping,2026-09-04T04:46:31.413216+00:00
I0616,2026-07-13T17:26:00+00:00,google_ads,landscaping,2026-07-14T10:33:23.799420+00:00
I0617,2026-08-31T10:44:00+00:00,referral,cleaning,2026-08-31T12:30:30.836962+00:00
I0618,2026-08-07T15:05:00+00:00,google_ads,handyman,
I0619,2026-07-02T10:28:00+00:00,referral,handyman,2026-07-02T16:41:00.706040+00:00
I0620,2026-06-29T23:23:00+00:00,google_ads,landscaping,2026-07-01T14:30:35.315021+00:00
I0621,2026-08-23T23:54:00+00:00,google_ads,cleaning,2026-08-24T15:19:45.155742+00:00
I0622,2026-07-06T21:42:00+00:00,walk_in,handyman,2026-07-07T12:51:17.272905+00:00
I0623,2026-08-18T00:36:00+00:00,google_ads,landscaping,2026-08-19T15:04:22.340708+00:00
I0624,2026-07-24T04:02:00+00:00,google_ads,cleaning,2026-07-24T23:24:20.995894+00:00
I0625,2026-08-13T19:11:00+00:00,google_ads,cleaning,2026-08-15T05:00:19.571040+00:00
I0626,2026-09-11T00:20:00+00:00,referral,handyman,2026-09-11T07:20:11.088873+00:00
I0627,2026-08-09T18:22:00+00:00,referral,landscaping,2026-08-10T03:00:52.181293+00:00
I0628,2026-09-09T19:58:00+00:00,google_ads,handyman,
I0629,2026-09-12T17:55:00+00:00, Google ,handyman,2026-09-12T22:16:35.608866+00:00
I0630,2026-07-05T22:05:00+00:00,organic_search,cleaning,2026-07-06T18:21:37.384841+00:00
I0631,2026-07-23T11:48:00+00:00,google_ads,landscaping,2026-07-24T16:38:56.231893+00:00
I0632,2026-07-17T04:10:00+00:00,google_ads,cleaning,2026-07-18T16:53:07.729262+00:00
I0633,2026-07-09T21:52:00+00:00,social,landscaping,2026-07-11T14:01:53.484799+00:00
I0634,2026-08-01T18:53:00+00:00,referral,handyman,2026-08-02T03:53:05.715950+00:00
I0635,2026-09-20T09:02:00+00:00,organic_search,handyman,2026-09-20T18:45:00.661792+00:00
I0636,2026-08-11T12:54:00+00:00,social,cleaning,2026-08-12T10:15:09.796691+00:00
I0637,2026-07-14T21:51:00+00:00,organic_search,cleaning,2026-07-16T03:19:37.738474+00:00
I0638,2026-06-30T01:49:00+00:00,referral,handyman,2026-06-30T07:42:37.969966+00:00
I0639,2026-08-10T21:40:00+00:00,walk_in,handyman,2026-08-11T13:21:09.068178+00:00
I0640,2026-07-24T10:51:00+00:00,organic_search,landscaping,2026-07-24T16:47:32.191475+00:00
I0641,2026-08-18T13:09:00+00:00,organic_search,handyman,2026-08-18T21:47:11.844192+00:00
I0642,2026-08-11T01:15:00+00:00,social,cleaning,2026-08-11T19:14:35.187950+00:00
I0643,2026-08-25T09:40:00+00:00,organic_search,landscaping,2026-08-25T23:16:09.650730+00:00
I0644,2026-07-13T20:49:00+00:00,google_ads,handyman,2026-07-14T17:05:34.989998+00:00
I0645,2026-07-29T11:04:00+00:00,google_ads,handyman,2026-07-30T10:49:16.295201+00:00
I0646,2026-08-23T02:54:00+00:00, Google ,landscaping,2026-08-24T06:22:09.903177+00:00
I0647,2026-07-24T21:44:00+00:00,organic_search,landscaping,2026-07-25T19:25:00.412115+00:00
I0648,2026-09-16T00:44:00+00:00,google_ads,handyman,2026-09-16T18:44:19.383284+00:00
I0649,2026-09-19T13:31:00+00:00,google_ads,cleaning,2026-09-20T04:16:37.647847+00:00
I0650,2026-09-01T15:57:00+00:00,google_ads,landscaping,2026-09-02T08:51:41.025582+00:00
I0651,2026-08-01T01:20:00+00:00,referral,landscaping,2026-08-01T10:59:43.758438+00:00
I0652,2026-09-04T17:01:00+00:00,referral,cleaning,2026-09-04T19:16:48.962219+00:00
I0653,2026-09-07T04:07:00+00:00,organic_search,cleaning,2026-09-07T08:55:46.903561+00:00
I0654,2026-09-04T03:17:00+00:00,google_ads,landscaping,2026-09-04T09:01:45.909054+00:00
I0655,2026-07-28T14:24:00+00:00,social,handyman,2026-07-30T07:21:42.242889+00:00
I0656,2026-08-09T13:20:00+00:00,referral,landscaping,2026-08-09T22:07:50.922094+00:00
I0657,2026-09-10T05:54:00+00:00,google_ads,handyman,2026-09-10T21:34:48.028299+00:00
I0658,2026-08-16T16:56:00+00:00,google_ads,handyman,2026-08-18T08:43:55.452273+00:00
I0659,2026-06-29T15:46:00+00:00,organic_search,cleaning,2026-06-30T09:21:13.338838+00:00
I0660,2026-07-19T01:53:00+00:00,google_ads,handyman,2026-07-20T04:20:03.258330+00:00
I0661,2026-08-23T19:35:00+00:00,social,landscaping,2026-08-24T07:21:56.648434+00:00
I0662,2026-07-23T11:15:00+00:00,organic_search,cleaning,2026-07-23T19:19:11.632543+00:00
I0663,2026-08-24T05:27:00+00:00,organic_search,landscaping,2026-08-25T07:47:39.414773+00:00
I0664,2026-07-24T16:17:00+00:00,google_ads,landscaping,
I0665,2026-07-07T05:02:00+00:00,google_ads,handyman,2026-07-07T14:32:47.899926+00:00
I0666,2026-08-13T08:45:00+00:00,walk_in,handyman,
I0667,2026-07-06T07:15:00+00:00,social,cleaning,2026-07-06T10:04:32.128654+00:00
I0668,2026-09-12T09:20:00+00:00,google_ads,landscaping,2026-09-12T20:09:54.976660+00:00
I0669,2026-09-04T03:21:00+00:00,walk_in,cleaning,2026-09-04T22:58:28.694516+00:00
I0670,2026-07-28T09:44:00+00:00,google_ads,landscaping,2026-07-28T11:59:02.575790+00:00
I0671,2026-07-22T01:22:00+00:00,organic_search,handyman,2026-07-22T10:06:49.310591+00:00
I0672,2026-07-18T19:45:00+00:00,walk_in,cleaning,2026-07-19T22:30:56.599506+00:00
I0673,2026-06-29T19:30:00+00:00,walk_in,landscaping,2026-07-01T04:30:51.200894+00:00
I0674,2026-07-07T07:40:00+00:00,referral,handyman,2026-07-07T16:59:20.345118+00:00
I0675,2026-07-08T18:36:00+00:00,google_ads,cleaning,2026-07-09T08:14:40.890120+00:00
I0676,2026-07-30T14:43:00+00:00,social,handyman,
I0677,2026-08-02T09:14:00+00:00,organic_search,cleaning,
I0678,2026-09-01T07:38:00+00:00,organic_search,handyman,2026-09-02T06:39:24.471075+00:00
I0679,2026-09-15T23:26:00+00:00,social,landscaping,2026-09-16T06:35:15.305319+00:00
I0680,2026-09-11T14:02:00+00:00, Google ,handyman,2026-09-12T09:22:39.399581+00:00
I0681,2026-09-03T18:41:00+00:00,google_ads,cleaning,2026-09-04T20:54:08.350222+00:00
I0682,2026-07-28T04:34:00+00:00,referral,landscaping,2026-07-28T14:14:41.516179+00:00
I0683,2026-07-28T08:43:00+00:00,organic_search,handyman,2026-07-28T13:48:03.341625+00:00
I0684,2026-07-17T09:26:00+00:00,google_ads,cleaning,2026-07-17T14:01:53.785845+00:00
I0685,2026-08-27T21:15:00+00:00,organic_search,landscaping,2026-08-29T02:51:16.314823+00:00
I0686,2026-07-17T23:59:00+00:00,referral,cleaning,2026-07-18T04:46:13.126580+00:00
I0687,2026-09-09T07:03:00+00:00,referral,landscaping,
I0688,2026-07-05T09:45:00+00:00,social,cleaning,2026-07-07T01:27:03.760212+00:00
I0689,2026-08-15T21:29:00+00:00,referral,landscaping,2026-08-16T03:48:41.467889+00:00
I0690,2026-07-31T13:58:00+00:00,referral,landscaping,2026-07-31T20:41:09.750276+00:00
I0691,2026-08-08T07:46:00+00:00,social,handyman,2026-08-09T07:05:42.152554+00:00
I0692,2026-08-05T12:46:00+00:00,referral,handyman,2026-08-05T21:03:46.747519+00:00
I0693,2026-09-04T18:33:00+00:00,google_ads,handyman,2026-09-05T13:37:16.468476+00:00
I0694,2026-07-24T21:27:00+00:00,organic_search,landscaping,2026-07-25T03:33:21.804976+00:00
I0695,2026-06-30T23:24:00+00:00,referral,landscaping,2026-07-01T07:39:32.065522+00:00
I0696,2026-07-31T08:56:00+00:00,google_ads,handyman,2026-08-01T00:40:02.184218+00:00
I0697,2026-09-20T13:08:00+00:00, Google ,cleaning,
I0698,2026-07-14T17:42:00+00:00,organic_search,landscaping,2026-07-15T23:22:05.475490+00:00
I0699,2026-08-02T17:30:00+00:00,google_ads,cleaning,2026-08-04T08:15:27.601580+00:00
I0700,2026-08-07T12:45:00+00:00,organic_search,cleaning,2026-08-09T01:20:46.105210+00:00
I0701,2026-08-22T19:44:00+00:00,social,landscaping,2026-08-24T04:29:46.341551+00:00
I0702,2026-07-02T17:57:00+00:00,google_ads,landscaping,2026-07-03T00:39:27.254864+00:00
I0703,2026-09-05T12:36:00+00:00,organic_search,landscaping,2026-09-05T16:50:18.393110+00:00
I0704,2026-07-12T11:20:00+00:00,google_ads,cleaning,2026-07-13T07:34:52.685367+00:00
I0705,2026-07-22T21:33:00+00:00,google_ads,landscaping,2026-07-23T16:04:52.972005+00:00
I0706,2026-08-11T18:35:00+00:00,organic_search,handyman,2026-08-12T11:29:20.629255+00:00
I0707,2026-07-23T05:38:00+00:00,referral,handyman,2026-07-23T12:32:37.555665+00:00
I0708,2026-07-30T08:37:00+00:00,organic_search,cleaning,2026-07-31T17:03:30.385034+00:00
I0709,2026-07-03T02:02:00+00:00,social,cleaning,2026-07-03T10:49:12.970913+00:00
I0710,2026-09-14T14:53:00+00:00,google_ads,landscaping,2026-09-14T17:38:47.979196+00:00
I0711,2026-09-16T01:49:00+00:00,social,handyman,2026-09-16T02:53:11.753928+00:00
I0712,2026-08-16T23:17:00+00:00,google_ads,landscaping,2026-08-17T21:29:55.922691+00:00
I0713,2026-09-03T10:32:00+00:00,walk_in,landscaping,
I0714,2026-08-21T01:35:00+00:00,social,landscaping,2026-08-21T03:53:16.211920+00:00
I0715,2026-06-29T18:12:00+00:00,google_ads,landscaping,2026-06-30T05:57:33.770635+00:00
I0716,2026-09-15T16:03:00+00:00,google_ads,handyman,2026-09-17T04:32:51.120162+00:00
I0717,2026-08-12T02:45:00+00:00,social,landscaping,2026-08-12T06:54:10.287922+00:00
I0718,2026-08-19T00:50:00+00:00,social,cleaning,2026-08-19T02:58:59.009046+00:00
I0719,2026-08-12T14:16:00+00:00,organic_search,cleaning,2026-08-12T15:31:44.810470+00:00
I0720,2026-08-24T23:03:00+00:00,google_ads,handyman,2026-08-26T12:30:06.071660+00:00
I0001,2026-08-26T04:50:00+00:00,google_ads,landscaping,2026-08-26T16:44:49.380164+00:00
I0002,2026-08-29T14:16:00+00:00,referral,landscaping,2026-08-29T15:19:07.202015+00:00
I0003,2026-07-17T02:22:00+00:00,referral,landscaping,2026-07-17T07:54:25.535436+00:00
